kind,chars,seq_len,at_cap,tokenize_ms,inference_ms,pool_ms,total_ms
arabic,39,8,0,2.164,76.481,0.233,78.878
arabic,208,73,0,0.71,9.167,1.898,11.775
arabic,104,47,0,0.538,6.654,0.322,7.514
arabic,99,40,0,0.522,6.969,0.118,7.609
arabic,142,62,0,4.479,7.553,0.105,12.138
arabic,120,55,0,0.327,4.774,0.08,5.181
arabic,76,34,0,0.232,3.869,0.052,4.153
arabic,123,44,0,0.224,4.451,0.118,4.793
arabic,153,57,0,0.329,8.429,0.203,8.96
arabic,467,183,0,1.742,17.593,0.278,19.614
arabic,161,64,0,0.274,7.201,0.207,7.681
arabic,102,41,0,0.538,5.973,0.186,6.697
arabic,176,79,0,0.489,8.206,0.081,8.776
arabic,169,56,0,0.335,5.048,0.063,5.445
arabic,141,59,0,0.315,5.077,0.07,5.461
arabic,100,42,0,0.333,5.415,0.047,5.795
arabic,322,130,0,0.546,9.522,0.141,10.209
arabic,114,32,0,0.332,4.696,0.05,5.079
arabic,692,256,1,1.551,21.64,0.258,23.45
arabic,120,53,0,0.502,6.431,0.083,7.016
arabic,41,22,0,0.4,24.525,0.061,24.986
arabic,79,35,0,0.424,6.308,0.072,6.804
arabic,141,58,0,0.396,9.071,0.078,9.545
arabic,170,65,0,0.639,7.512,0.074,8.225
arabic,305,97,0,0.532,11.754,0.189,12.475
arabic,349,136,0,1.104,15.1,0.148,16.353
arabic,243,82,0,0.637,13.22,0.174,14.031
arabic,110,39,0,0.447,8.183,0.087,8.717
arabic,337,129,0,0.788,14.557,0.194,15.539
arabic,87,39,0,0.524,9.032,0.104,9.661
arabic,222,82,0,0.794,9.29,0.103,10.186
arabic,216,83,0,0.622,10.538,0.129,11.289
arabic,227,94,0,0.782,11.851,0.113,12.747
arabic,280,116,0,0.675,12.089,0.176,12.94
arabic,237,103,0,0.924,9.62,0.132,10.676
arabic,301,117,0,0.848,10.488,0.163,11.499
arabic,78,24,0,0.41,5.474,0.057,5.941
arabic,76,20,0,0.477,5.093,0.042,5.612
arabic,69,30,0,0.336,5.328,0.05,5.713
arabic,82,38,0,0.362,6.415,0.07,6.847
arabic,180,63,0,0.536,8.174,0.186,8.896
arabic,220,97,0,0.911,11.768,0.091,12.77
arabic,195,74,0,0.343,6.188,0.086,6.617
arabic,126,45,0,0.513,7.566,0.08,8.159
arabic,120,50,0,0.408,6.13,0.085,6.623
arabic,176,54,0,0.511,6.634,0.072,7.218
arabic,201,82,0,0.614,7.825,0.167,8.606
arabic,84,44,0,0.466,5.236,0.068,5.77
arabic,129,56,0,0.368,5.304,0.077,5.75
arabic,155,55,0,0.374,5.253,0.079,5.706
arabic,176,63,0,0.825,6.814,0.086,7.725
arabic,91,30,0,0.313,4.922,0.055,5.291
arabic,234,86,0,0.811,14.498,0.107,15.417
arabic,216,90,0,0.41,7.531,0.102,8.043
arabic,209,80,0,0.599,10.671,0.069,11.338
arabic,102,46,0,0.24,4.599,0.048,4.886
arabic,66,34,0,0.217,4.07,0.044,4.332
arabic,47,15,0,0.19,3.341,0.024,3.555
arabic,93,31,0,0.239,3.759,0.034,4.032
arabic,76,32,0,0.204,3.371,0.037,3.612
arabic,103,41,0,0.208,4.151,0.042,4.402
arabic,257,78,0,0.362,7.104,0.111,7.578
arabic,247,101,0,0.526,8.053,0.12,8.7
arabic,47,17,0,0.268,3.949,0.026,4.243
arabic,98,47,0,0.292,5.31,0.087,5.689
arabic,105,47,0,0.508,8.022,0.07,8.6
arabic,84,41,0,0.301,5.626,0.057,5.984
arabic,50,24,0,0.325,4.011,0.034,4.369
arabic,63,26,0,0.26,7.739,0.051,8.05
arabic,134,46,0,0.411,4.797,0.042,5.25
arabic,124,31,0,0.198,3.942,0.035,4.175
arabic,117,48,0,0.243,4.97,0.071,5.284
arabic,198,76,0,0.56,6.357,0.061,6.979
arabic,140,66,0,0.272,5.074,0.051,5.397
arabic,191,66,0,0.247,4.899,0.067,5.212
arabic,88,33,0,0.243,3.785,0.032,4.061
arabic,132,52,0,0.213,4.088,0.041,4.342
arabic,280,104,0,0.329,6.598,0.072,6.999
arabic,215,66,0,0.263,4.976,0.051,5.29
arabic,75,40,0,0.167,5.33,0.067,5.564
arabic,93,43,0,0.445,7.891,0.05,8.386
arabic,71,34,0,0.25,3.867,0.04,4.157
arabic,83,34,0,0.211,3.462,0.044,3.717
arabic,210,77,0,0.409,12.064,0.086,12.559
arabic,39,8,0,0.277,3.352,0.022,3.651
arabic,25,14,0,0.147,3.411,0.04,3.599
arabic,123,54,0,0.427,5.808,0.085,6.319
arabic,94,46,0,0.344,6.041,0.06,6.445
arabic,115,49,0,0.423,5.774,0.044,6.242
arabic,78,39,0,0.262,4.557,0.065,4.883
arabic,61,29,0,0.349,4.283,0.041,4.673
arabic,86,41,0,0.316,4.399,0.074,4.788
arabic,106,37,0,0.259,3.787,0.039,4.084
arabic,79,33,0,0.202,3.873,0.044,4.119
arabic,103,36,0,0.277,6.26,0.116,6.653
arabic,94,36,0,0.536,11.214,0.065,11.815
arabic,48,18,0,0.321,4.37,0.041,4.732
arabic,186,87,0,0.579,8.155,0.122,8.856
arabic,81,32,0,0.36,4.751,0.056,5.167
arabic,146,67,0,0.317,13.896,0.135,14.348
arabic,82,28,0,0.489,4.986,0.053,5.528
arabic,124,50,0,0.68,6.292,0.08,7.051
arabic,160,50,0,0.422,6.464,0.083,6.969
arabic,86,29,0,0.419,5.191,0.062,5.672
arabic,115,39,0,0.584,11.774,0.104,12.462
arabic,44,12,0,0.346,8.56,0.053,8.959
arabic,34,18,0,0.317,4.723,0.044,5.085
arabic,48,22,0,0.284,3.981,0.042,4.307
arabic,55,27,0,0.262,4.313,0.038,4.613
arabic,67,31,0,0.213,5.098,0.059,5.37
arabic,50,23,0,0.363,7.444,0.065,7.872
arabic,43,22,0,0.341,4.413,0.037,4.79
arabic,41,21,0,0.208,3.775,0.028,4.01
arabic,61,24,0,0.203,4.124,0.053,4.381
arabic,132,58,0,0.472,7.788,0.081,8.341
arabic,154,57,0,0.512,6.351,0.081,6.944
arabic,109,44,0,0.409,5.724,0.073,6.206
arabic,229,84,0,0.495,8.723,0.158,9.377
arabic,126,51,0,0.662,16.191,0.148,17.002
arabic,133,42,0,0.645,8.273,0.061,8.979
arabic,71,34,0,0.327,5.133,0.052,5.513
arabic,129,48,0,0.519,7.341,0.106,7.967
arabic,213,76,0,6.48,8.655,0.136,15.27
arabic,133,59,0,0.576,7.322,0.108,8.006
arabic,94,29,0,0.599,5.245,0.047,5.891
arabic,202,80,0,0.584,8.433,0.086,9.103
arabic,154,67,0,0.429,6.144,0.074,6.646
arabic,152,52,0,0.305,5.224,0.067,5.596
arabic,193,77,0,0.553,12.336,0.116,13.005
arabic,137,59,0,0.391,6.363,0.092,6.846
arabic,79,40,0,0.376,5.407,0.056,5.839
arabic,163,57,0,0.427,11.596,0.056,12.079
arabic,232,102,0,0.456,7.447,0.085,7.989
arabic,94,30,0,0.343,4.092,0.061,4.495
arabic,61,29,0,0.365,3.914,0.035,4.315
arabic,77,38,0,0.228,4.428,0.047,4.703
arabic,58,22,0,0.275,3.705,0.03,4.01
arabic,30,14,0,0.142,2.925,0.024,3.092
arabic,42,12,0,0.172,2.74,0.021,2.933
arabic,68,21,0,0.152,3.091,0.033,3.276
arabic,37,12,0,0.167,2.975,0.023,3.165
arabic,29,15,0,0.122,3.076,0.032,3.231
arabic,85,28,0,0.217,3.297,0.025,3.538
arabic,109,43,0,0.139,3.647,0.034,3.82
arabic,64,26,0,0.167,4.52,0.06,4.747
arabic,274,97,0,0.812,10.333,0.105,11.25
arabic,66,26,0,0.237,4.708,0.04,4.985
arabic,95,34,0,0.31,4.518,0.066,4.894
arabic,141,39,0,0.405,4.712,0.043,5.16
arabic,196,87,0,0.343,6.196,0.082,6.621
arabic,95,38,0,0.196,7.91,0.049,8.155
arabic,138,55,0,0.307,5.154,0.047,5.508
arabic,204,66,0,0.404,6.64,0.465,7.509
arabic,329,130,0,1.073,11.12,0.124,12.317
arabic,77,31,0,0.216,4.002,0.052,4.271
arabic,64,24,0,0.237,3.708,0.03,3.974
arabic,62,25,0,0.164,3.925,0.047,4.136
arabic,70,30,0,0.231,4.242,0.05,4.524
arabic,42,19,0,0.288,8.134,0.052,8.475
arabic,79,35,0,0.363,5.051,0.06,5.475
arabic,128,56,0,0.405,8.183,0.115,8.702
arabic,79,17,0,0.374,4.261,0.032,4.668
arabic,101,40,0,0.319,4.906,0.053,5.278
arabic,252,98,0,0.498,8.585,0.147,9.23
arabic,225,90,0,0.606,7.248,0.099,7.952
arabic,305,103,0,0.587,7.16,0.12,7.867
arabic,75,28,0,0.475,4.699,0.05,5.225
arabic,25,7,0,0.184,3.04,0.021,3.245
arabic,70,22,0,0.169,3.564,0.028,3.761
arabic,56,12,0,0.155,3.116,0.051,3.322
arabic,57,29,0,0.226,4.269,0.055,4.55
arabic,28,8,0,0.193,3.138,0.033,3.364
arabic,30,13,0,0.285,5.596,0.053,5.934
arabic,21,12,0,0.576,6.027,0.024,6.627
arabic,74,21,0,0.234,4.186,0.049,4.469
arabic,46,23,0,0.267,10.526,0.057,10.85
arabic,43,21,0,0.328,4.3,0.043,4.671
arabic,80,33,0,0.229,3.875,0.038,4.141
arabic,30,15,0,0.19,3.822,0.036,4.048
arabic,21,12,0,0.196,3.115,0.029,3.34
arabic,65,24,0,0.28,4.755,0.059,5.095
arabic,46,18,0,0.408,3.893,0.042,4.343
arabic,152,64,0,0.387,7.488,0.087,7.962
arabic,78,30,0,0.415,8.35,0.055,8.821
arabic,132,54,0,0.408,6.056,0.087,6.552
arabic,82,25,0,0.314,3.918,0.038,4.27
arabic,126,49,0,0.341,7.149,0.166,7.656
arabic,421,167,0,1.704,18.56,0.198,20.462
arabic,65,26,0,0.342,4.258,0.046,4.646
arabic,55,25,0,0.213,3.549,0.027,3.788
arabic,54,8,0,0.167,2.519,0.019,2.705
arabic,29,16,0,0.123,3.05,0.02,3.193
arabic,37,18,0,0.119,2.564,0.022,2.705
arabic,91,42,0,0.171,3.912,0.034,4.118
arabic,28,16,0,0.102,2.409,0.023,2.535
arabic,108,37,0,0.231,3.994,0.049,4.274
arabic,78,26,0,0.177,3.39,0.034,3.601
arabic,21,11,0,0.12,2.891,0.027,3.038
arabic,33,16,0,0.161,3.046,0.023,3.231
arabic,29,16,0,0.117,2.915,0.029,3.06
arabic,58,31,0,0.197,4.57,0.05,4.817
arabic,29,16,0,0.201,4.198,0.044,4.443
arabic,29,17,0,0.253,4.061,0.083,4.396
arabic,30,18,0,0.309,4.446,0.074,4.829
arabic,26,7,0,0.548,5.23,0.033,5.811
arabic,41,22,0,2.817,6.164,0.055,9.036
arabic,27,14,0,0.258,12.158,0.048,12.464
arabic,25,14,0,0.252,3.948,0.039,4.239
arabic,39,20,0,0.239,3.497,0.026,3.762
arabic,16,10,0,0.112,2.941,0.02,3.073
arabic,41,22,0,0.154,3.665,0.051,3.869
arabic,87,33,0,0.308,4.104,0.034,4.447
arabic,26,14,0,0.113,2.862,0.02,2.995
arabic,34,11,0,0.114,2.466,0.017,2.598
arabic,32,17,0,0.126,2.858,0.029,3.014
arabic,47,19,0,0.213,3.066,0.027,3.305
arabic,27,11,0,0.128,4.322,0.031,4.48
arabic,47,20,0,0.281,6.059,0.048,6.387
arabic,35,14,0,0.348,4.252,0.041,4.641
arabic,23,13,0,0.201,4.4,0.044,4.644
persian,25,17,0,0.404,27.982,0.086,28.472
persian,239,179,0,1.054,21.52,0.217,22.791
persian,150,116,0,0.776,9.065,0.141,9.982
persian,176,135,0,0.803,11.26,0.174,12.237
persian,152,118,0,0.866,9.53,0.157,10.552
persian,192,140,0,0.711,15.569,0.166,16.446
persian,101,79,0,0.641,16.71,0.112,17.463
persian,165,126,0,0.688,11.388,0.164,12.24
persian,164,121,0,0.528,9.836,0.146,10.51
persian,495,256,1,1.505,18.631,0.204,20.34
persian,144,113,0,0.449,9.138,0.143,9.73
persian,138,108,0,0.619,9.536,0.186,10.341
persian,294,234,0,1.22,16.104,0.173,17.496
persian,177,141,0,0.452,16.578,0.162,17.192
persian,110,84,0,0.468,14.14,0.175,14.784
persian,160,122,0,0.997,12.444,0.16,13.602
persian,401,256,1,1.218,24.432,0.33,25.98
persian,158,125,0,0.832,12.173,0.149,13.154
persian,908,256,1,3.14,31.74,0.27,35.15
persian,160,118,0,0.809,18.256,0.176,19.241
persian,32,27,0,0.397,6.2,0.064,6.662
persian,103,76,0,0.498,7.76,0.147,8.405
persian,177,119,0,0.844,12.083,0.141,13.068
persian,158,114,0,0.688,19.906,0.143,20.737
persian,382,256,1,1.433,33.73,0.254,35.417
persian,474,256,1,1.694,25.598,0.262,27.554
persian,341,256,1,1.392,37.521,0.274,39.187
persian,109,86,0,0.684,9.651,0.084,10.419
persian,421,256,1,0.735,24.093,0.277,25.105
persian,116,93,0,0.962,12.609,0.123,13.695
persian,281,211,0,0.972,19.071,0.206,20.248
persian,338,256,1,1.056,22.683,0.251,23.989
persian,306,239,0,0.985,38.441,0.258,39.684
persian,272,206,0,1.08,16.768,0.207,18.055
persian,333,256,1,1.073,22.212,0.343,23.629
persian,308,232,0,1.082,30.461,0.256,31.799
persian,97,77,0,1.37,10.676,0.12,12.166
persian,75,58,0,0.469,7.701,0.088,8.257
persian,94,71,0,0.473,7.908,0.097,8.478
persian,73,56,0,0.413,5.846,0.08,6.338
persian,228,175,0,0.85,12.19,0.147,13.187
persian,285,223,0,0.755,19.732,0.223,20.709
persian,283,221,0,0.867,66.422,0.266,67.556
persian,134,107,0,0.899,14.449,0.279,15.627
persian,152,115,0,0.84,11.626,0.208,12.674
persian,174,134,0,0.963,14.49,0.231,15.684
persian,162,126,0,0.903,21.28,0.179,22.361
persian,73,61,0,0.476,8.989,0.136,9.601
persian,151,114,0,0.777,11.813,0.172,12.762
persian,180,136,0,0.96,10.956,0.142,12.057
persian,207,159,0,0.649,18.69,0.265,19.604
persian,109,87,0,0.74,11.47,0.115,12.324
persian,283,218,0,1.478,35.615,0.225,37.318
persian,261,199,0,0.947,32.967,0.227,34.141
persian,336,253,0,1.223,52.951,0.27,54.444
persian,127,101,0,0.9,9.516,0.157,10.574
persian,54,45,0,0.388,7.059,0.078,7.525
persian,48,40,0,0.467,6.885,0.096,7.448
persian,96,78,0,0.595,16.165,0.147,16.906
persian,83,63,0,0.531,14.453,0.115,15.099
persian,109,90,0,0.581,17.658,0.136,18.374
persian,347,256,1,1.025,30.504,0.249,31.778
persian,290,225,0,1.175,34.011,0.226,35.412
persian,111,90,0,1.025,15.628,0.171,16.823
persian,156,118,0,0.781,13.178,0.194,14.154
persian,96,77,0,0.742,8.195,0.163,9.101
persian,86,69,0,0.811,9.651,0.115,10.576
persian,48,41,0,0.587,6.898,0.141,7.626
persian,72,57,0,0.606,11.848,0.644,13.099
persian,171,130,0,1.367,16.56,0.17,18.097
persian,115,87,0,0.764,17.855,0.099,18.719
persian,116,93,0,0.479,7.731,0.112,8.323
persian,159,124,0,0.63,11.011,0.167,11.808
persian,282,221,0,1.075,36.424,0.229,37.728
persian,198,152,0,0.956,14.819,0.182,15.957
persian,92,74,0,0.464,8.77,0.116,9.35
persian,185,149,0,0.858,15.714,0.183,16.755
persian,381,256,1,1.571,23.485,0.257,25.314
persian,226,169,0,1.052,14.908,0.164,16.124
persian,75,62,0,0.677,13.162,0.068,13.907
persian,93,71,0,0.315,8.488,0.101,8.904
persian,78,59,0,0.359,6.445,0.083,6.886
persian,136,110,0,0.523,10.25,0.133,10.905
persian,249,191,0,0.629,15.855,0.157,16.642
persian,71,59,0,0.602,18.597,0.108,19.307
persian,30,26,0,0.371,7.6,0.072,8.043
persian,155,120,0,0.649,19.421,0.142,20.212
persian,88,70,0,0.518,9.847,0.11,10.475
persian,105,83,0,0.578,28.153,0.151,28.882
persian,96,75,0,0.48,9.366,0.126,9.972
persian,68,58,0,0.419,6.653,0.102,7.173
persian,108,83,0,0.59,10.275,0.184,11.05
persian,105,85,0,0.778,15.551,0.107,16.436
persian,99,81,0,0.491,8.589,0.122,9.202
persian,125,96,0,0.779,9.185,0.089,10.054
persian,148,115,0,0.484,10.798,0.134,11.416
persian,47,40,0,0.412,6.386,0.108,6.906
persian,243,191,0,0.986,23.471,0.218,24.675
persian,130,106,0,0.821,21.784,0.138,22.742
persian,215,169,0,0.661,13.412,0.179,14.252
persian,108,86,0,0.536,8.646,0.142,9.325
persian,139,108,0,0.783,9.667,0.116,10.566
persian,204,153,0,0.659,12.097,0.132,12.889
persian,59,48,0,0.414,5.476,0.06,5.951
persian,127,96,0,0.431,6.416,0.072,6.92
persian,46,39,0,0.185,4.81,0.065,5.06
persian,46,39,0,0.276,4.671,0.057,5.005
persian,49,38,0,0.239,4.332,0.045,4.616
persian,93,75,0,0.265,6.396,0.107,6.768
persian,82,67,0,0.361,5.87,0.061,6.292
persian,61,49,0,0.311,5.502,0.068,5.88
persian,56,46,0,0.355,5.865,0.096,6.315
persian,63,50,0,0.462,6.495,0.074,7.032
persian,79,63,0,0.431,6.519,0.069,7.019
persian,167,131,0,0.487,8.856,0.116,9.459
persian,222,172,0,0.465,12.41,0.195,13.071
persian,130,103,0,0.656,9.467,0.171,10.294
persian,284,219,0,0.887,18.539,0.311,19.737
persian,177,138,0,0.878,12.182,0.147,13.207
persian,150,118,0,0.634,8.626,0.118,9.379
persian,112,87,0,0.408,7.688,0.118,8.214
persian,124,96,0,0.491,8.142,0.108,8.741
persian,183,143,0,0.606,10.492,0.196,11.293
persian,178,139,0,0.65,11.091,0.179,11.92
persian,73,57,0,0.403,6.455,0.101,6.958
persian,325,236,0,1.651,20.977,0.223,22.852
persian,205,159,0,0.976,21.174,0.138,22.288
persian,184,138,0,0.583,10.237,0.127,10.948
persian,255,195,0,0.733,14.967,0.223,15.922
persian,179,142,0,0.872,11.232,0.157,12.262
persian,80,65,0,0.461,6.665,0.084,7.209
persian,232,172,0,0.613,13.721,0.181,14.515
persian,367,256,1,1.255,18.33,0.186,19.772
persian,87,66,0,0.518,6.859,0.093,7.47
persian,80,67,0,0.411,6.316,0.091,6.817
persian,121,95,0,0.406,6.966,0.075,7.447
persian,69,56,0,0.296,5.782,0.077,6.156
persian,88,66,0,0.389,5.829,0.065,6.284
persian,71,51,0,0.21,4.651,0.063,4.924
persian,71,59,0,0.265,5.173,0.07,5.508
persian,43,35,0,0.217,3.834,0.038,4.089
persian,33,26,0,0.122,2.979,0.035,3.136
persian,95,74,0,0.237,6.497,0.097,6.831
persian,116,94,0,0.518,7.435,0.107,8.06
persian,97,76,0,0.383,6.495,0.095,6.973
persian,384,256,1,0.92,17.754,0.233,18.907
persian,93,75,0,0.5,7.451,0.087,8.038
persian,95,78,0,0.52,7.085,0.11,7.715
persian,192,142,0,0.755,11.198,0.138,12.091
persian,153,117,0,0.421,9.188,0.144,9.754
persian,128,99,0,0.563,9.195,0.162,9.921
persian,165,130,0,0.701,11.527,0.192,12.419
persian,279,215,0,1.156,22.073,0.208,23.437
persian,398,256,1,1.277,20.712,0.178,22.166
persian,93,74,0,0.375,6.918,0.086,7.38
persian,97,77,0,0.363,6.745,0.123,7.232
persian,121,89,0,0.723,7.341,0.084,8.149
persian,56,44,0,0.265,5.044,0.054,5.363
persian,51,44,0,0.28,4.564,0.053,4.897
persian,62,49,0,0.274,5.284,0.061,5.619
persian,155,123,0,0.443,10.099,0.109,10.65
persian,64,51,0,0.284,4.854,0.049,5.187
persian,168,134,0,0.381,8.369,0.102,8.853
persian,259,196,0,0.566,12.618,0.176,13.36
persian,273,210,0,0.531,12.099,0.196,12.825
persian,249,194,0,0.53,11.27,0.175,11.975
persian,85,68,0,0.354,6.177,0.099,6.63
persian,38,32,0,0.241,4.465,0.051,4.758
persian,76,63,0,0.39,5.916,0.069,6.375
persian,51,42,0,0.222,4.136,0.039,4.397
persian,64,48,0,0.21,4.266,0.069,4.544
persian,55,45,0,0.244,3.941,0.057,4.242
persian,44,36,0,0.15,3.194,0.032,3.376
persian,27,23,0,0.076,2.564,0.022,2.662
persian,158,124,0,0.286,8.364,0.113,8.762
persian,59,50,0,0.29,5.144,0.066,5.499
persian,66,53,0,0.305,4.98,0.083,5.368
persian,141,107,0,0.403,7.236,0.075,7.714
persian,32,29,0,0.128,3.031,0.027,3.186
persian,31,29,0,0.113,3.601,0.047,3.76
persian,91,74,0,0.381,6.707,0.097,7.185
persian,30,23,0,0.273,3.964,0.045,4.283
persian,158,123,0,0.371,8.797,0.163,9.331
persian,99,79,0,0.45,6.946,0.121,7.517
persian,141,111,0,0.561,8.924,0.169,9.655
persian,82,63,0,0.375,5.761,0.091,6.228
persian,130,99,0,0.419,7.038,0.124,7.581
persian,463,256,1,0.988,15.049,0.282,16.318
persian,71,57,0,0.318,5.619,0.052,5.99
persian,63,53,0,0.164,3.845,0.06,4.069
persian,51,42,0,0.115,3.239,0.033,3.387
persian,24,21,0,0.106,2.585,0.02,2.712
persian,55,46,0,0.151,3.451,0.033,3.635
persian,82,66,0,0.143,5.013,0.051,5.207
persian,42,35,0,0.129,3.195,0.031,3.355
persian,132,107,0,0.24,6.687,0.081,7.008
persian,98,71,0,0.224,5.724,0.061,6.009
persian,36,30,0,0.142,2.955,0.044,3.141
persian,26,22,0,0.143,2.687,0.022,2.852
persian,57,48,0,0.143,3.78,0.062,3.985
persian,75,59,0,0.237,4.147,0.046,4.431
persian,53,43,0,0.113,3.202,0.031,3.346
persian,37,31,0,0.097,3.296,0.03,3.424
persian,51,44,0,0.192,3.743,0.049,3.983
persian,58,46,0,0.248,4.244,0.04,4.532
persian,38,31,0,0.155,3.878,0.039,4.072
persian,60,50,0,0.248,4.19,0.045,4.483
persian,46,37,0,0.163,3.563,0.033,3.759
persian,39,28,0,0.158,3.221,0.027,3.405
persian,13,13,0,0.066,2.639,0.017,2.722
persian,71,57,0,0.196,4.435,0.065,4.696
persian,100,77,0,0.309,5.799,0.095,6.203
persian,25,22,0,0.272,3.853,0.033,4.158
persian,39,32,0,0.17,3.747,0.027,3.944
persian,35,29,0,0.096,2.887,0.027,3.01
persian,95,77,0,0.186,5.903,0.074,6.163
persian,44,35,0,0.276,3.636,0.032,3.943
persian,45,37,0,0.148,2.963,0.028,3.139
persian,88,70,0,0.134,5.363,0.176,5.673
persian,50,42,0,0.546,8.403,0.101,9.05
english,58,19,0,0.908,6.455,0.029,7.391
english,180,44,0,0.21,19.702,0.086,19.998
english,103,25,0,22.553,4.316,0.048,26.918
english,107,28,0,0.186,3.604,0.038,3.829
english,161,34,0,1.201,3.59,0.038,4.83
english,139,32,0,0.138,4.727,0.058,4.922
english,112,27,0,0.223,4.831,0.101,5.155
english,130,35,0,0.374,7.193,0.072,7.639
english,151,41,0,0.34,6.312,0.072,6.723
english,494,123,0,0.647,26.47,0.17,27.287
english,172,44,0,0.326,7.475,0.076,7.877
english,104,28,0,0.28,4.515,0.045,4.84
english,246,55,0,0.27,5.588,0.071,5.929
english,203,51,0,0.294,11.688,0.094,12.077
english,122,31,0,0.329,4.698,0.045,5.072
english,106,29,0,0.148,3.893,0.045,4.086
english,325,79,0,0.436,7.091,0.097,7.625
english,157,33,0,0.161,4.029,0.04,4.23
english,759,179,0,0.426,13.406,0.225,14.057
english,136,34,0,0.391,8.852,0.071,9.314
english,35,10,0,0.184,2.651,0.016,2.851
english,99,25,0,0.106,3.332,0.025,3.464
english,145,37,0,0.115,3.881,0.066,4.061
english,159,37,0,0.281,6.3,0.041,6.622
english,324,84,0,0.296,6.192,0.075,6.563
english,375,85,0,0.239,5.733,0.075,6.047
english,276,65,0,0.182,5.529,0.092,5.803
english,101,26,0,0.236,4.031,0.051,4.318
english,363,97,0,0.378,8.553,0.152,9.084
english,83,17,0,0.267,6.07,0.049,6.385
english,229,53,0,0.605,7.021,0.088,7.714
english,266,63,0,0.29,6.538,0.126,6.954
english,262,62,0,0.52,19.027,0.128,19.676
english,248,66,0,0.421,21.051,0.089,21.56
english,265,64,0,0.29,6.25,0.091,6.63
english,293,66,0,0.318,6.404,0.121,6.843
english,89,23,0,0.29,4.752,0.042,5.084
english,69,20,0,0.176,3.954,0.036,4.166
english,88,22,0,0.189,3.566,0.04,3.795
english,100,25,0,0.175,3.208,0.027,3.409
english,209,45,0,0.143,5.06,0.099,5.303
english,150,44,0,0.298,6.088,0.068,6.453
english,202,54,0,0.324,16.228,0.092,16.645
english,108,28,0,0.248,8.486,0.107,8.842
english,124,31,0,0.474,8.085,0.07,8.63
english,167,42,0,0.319,5.587,0.06,5.966
english,171,39,0,0.261,10.001,0.093,10.354
english,80,21,0,0.285,5.989,0.048,6.322
english,151,33,0,0.261,6.412,0.073,6.746
english,155,35,0,0.235,4.411,0.041,4.687
english,220,49,0,0.197,4.159,0.04,4.396
english,103,28,0,0.101,3.224,0.068,3.393
english,277,55,0,0.364,5.967,0.072,6.403
english,274,71,0,0.312,7.47,0.203,7.985
english,270,63,0,0.97,6.199,0.085,7.253
english,112,30,0,0.199,3.583,0.033,3.815
english,55,14,0,0.075,2.273,0.019,2.366
english,75,19,0,0.076,2.292,0.026,2.393
english,90,25,0,0.108,6.026,0.038,6.172
english,81,22,0,0.234,3.222,0.029,3.485
english,98,28,0,0.351,3.691,0.033,4.075
english,297,61,0,0.283,4.309,0.067,4.658
english,270,74,0,0.22,4.813,0.059,5.092
english,60,16,0,0.092,2.554,0.019,2.664
english,104,26,0,0.099,3.29,0.024,3.412
english,113,28,0,0.082,2.998,0.025,3.106
english,117,29,0,0.091,2.837,0.026,2.954
english,54,15,0,0.058,2.187,0.017,2.261
english,71,18,0,0.052,2.377,0.028,2.457
english,154,39,0,0.131,3.623,0.085,3.839
english,142,35,0,0.233,3.956,0.032,4.221
english,138,32,0,0.124,2.914,0.025,3.063
english,136,36,0,0.112,2.898,0.027,3.037
english,178,44,0,0.1,3.519,0.041,3.66
english,211,49,0,0.18,4.598,0.061,4.839
english,96,25,0,0.302,5.255,0.066,5.623
english,133,37,0,0.456,6.725,0.05,7.23
english,351,88,0,0.301,7.992,0.103,8.396
english,225,53,0,0.396,7.953,0.086,8.435
english,86,24,0,0.337,4.02,0.027,4.384
english,71,18,0,0.133,2.9,0.018,3.051
english,102,35,0,0.104,4.338,0.054,4.496
english,97,28,0,0.278,4.4,0.031,4.71
english,277,69,0,0.27,6.96,0.066,7.295
english,45,12,0,0.142,2.906,0.014,3.063
english,31,11,0,0.075,2.582,0.018,2.675
english,136,36,0,0.173,4.483,0.046,4.702
english,99,27,0,0.159,4.077,0.042,4.277
english,128,36,0,0.199,4.599,0.043,4.841
english,98,26,0,0.164,3.562,0.033,3.759
english,73,21,0,0.138,3.087,0.02,3.245
english,89,22,0,0.093,3.732,0.055,3.88
english,101,25,0,0.266,5.829,0.058,6.153
english,115,33,0,0.369,7.782,0.053,8.204
english,82,23,0,0.228,4.094,0.033,4.355
english,113,33,0,0.162,6.505,0.082,6.748
english,66,18,0,0.261,3.748,0.023,4.032
english,223,49,0,0.195,5.078,0.071,5.343
english,104,29,0,0.21,4.253,0.029,4.492
english,168,39,0,0.177,4.591,0.052,4.821
english,116,33,0,0.222,3.583,0.028,3.833
english,154,34,0,0.133,3.863,0.036,4.032
english,167,40,0,0.151,4.297,0.044,4.492
english,86,24,0,0.212,4.355,0.027,4.594
english,123,30,0,0.108,3.233,0.023,3.364
english,46,13,0,0.058,2.274,0.013,2.345
english,45,11,0,0.061,1.735,0.012,1.809
english,38,10,0,0.044,1.64,0.011,1.695
english,60,17,0,0.065,3.127,0.027,3.219
english,66,18,0,0.155,3.2,0.016,3.371
english,44,10,0,0.044,2.414,0.012,2.47
english,53,19,0,0.104,2.504,0.017,2.626
english,52,14,0,0.058,3.284,0.038,3.381
english,70,19,0,0.218,4.681,0.037,4.936
english,103,29,0,0.419,5.608,0.038,6.066
english,184,40,0,0.182,4.09,0.04,4.312
english,135,30,0,0.167,8.708,0.071,8.946
english,284,74,0,0.389,6.663,0.081,7.134
english,144,39,0,0.195,5.185,0.057,5.437
english,116,29,0,0.214,4.089,0.033,4.336
english,96,24,0,0.132,3.242,0.024,3.397
english,162,37,0,0.134,4.183,0.05,4.366
english,216,44,0,0.24,4.905,0.046,5.191
english,158,37,0,0.178,4.583,0.042,4.803
english,82,23,0,0.16,3.693,0.033,3.886
english,260,58,0,0.29,5.616,0.052,5.958
english,162,40,0,0.181,4.429,0.043,4.654
english,189,49,0,0.258,4.705,0.057,5.021
english,221,52,0,0.248,6.127,0.095,6.47
english,148,40,0,0.334,7.178,0.052,7.564
english,98,25,0,0.176,3.69,0.028,3.894
english,170,40,0,0.195,3.977,0.044,4.217
english,283,74,0,1.88,9.665,0.097,11.642
english,105,29,0,0.272,4.936,0.046,5.254
english,77,22,0,0.204,4.364,0.04,4.608
english,99,25,0,0.199,4.213,0.034,4.446
english,72,23,0,0.167,3.775,0.033,3.975
english,20,6,0,0.103,3.21,0.016,3.329
english,41,11,0,0.104,3.607,0.021,3.733
english,71,19,0,0.17,3.36,0.018,3.548
english,35,10,0,0.062,2.708,0.013,2.783
english,36,9,0,0.062,2.51,0.012,2.583
english,76,20,0,0.07,2.97,0.024,3.063
english,132,34,0,0.138,4.009,0.03,4.177
english,57,17,0,0.103,3.351,0.032,3.486
english,262,59,0,0.321,5.013,0.045,5.378
english,96,23,0,0.087,3.462,0.042,3.59
english,100,24,0,0.146,4.86,0.053,5.059
english,209,50,0,0.345,8.416,0.088,8.85
english,160,37,0,0.242,7.271,0.091,7.604
english,92,30,0,0.33,4.627,0.03,4.987
english,146,43,0,0.132,4.283,0.033,4.448
english,210,52,0,0.123,4.148,0.037,4.308
english,411,97,0,0.263,6.36,0.077,6.7
english,80,19,0,0.131,3.404,0.021,3.556
english,62,14,0,0.083,2.732,0.018,2.832
english,73,19,0,0.057,2.449,0.017,2.523
english,77,21,0,0.059,2.345,0.017,2.422
english,71,21,0,0.107,2.634,0.019,2.76
english,70,17,0,0.075,2.551,0.017,2.643
english,159,41,0,0.147,3.788,0.047,3.982
english,71,20,0,0.104,2.715,0.029,2.849
english,149,30,0,0.144,3.323,0.026,3.493
english,252,60,0,0.17,5.077,0.049,5.297
english,253,63,0,0.224,5.817,0.046,6.087
english,300,71,0,0.184,6.013,0.142,6.338
english,85,23,0,0.407,8.371,0.077,8.854
english,33,9,0,0.252,2.78,0.014,3.046
english,97,30,0,0.117,8.473,0.081,8.671
english,56,16,0,0.311,4.504,0.031,4.846
english,74,22,0,0.163,3.659,0.044,3.866
english,53,15,0,0.178,3.576,0.03,3.784
english,45,13,0,0.153,3.747,0.028,3.928
english,23,10,0,0.132,3.038,0.023,3.193
english,86,26,0,0.151,3.536,0.032,3.72
english,52,13,0,0.087,2.843,0.02,2.95
english,55,17,0,0.101,3.233,0.031,3.365
english,85,19,0,0.152,2.894,0.022,3.069
english,27,8,0,0.046,2.213,0.013,2.272
english,28,7,0,0.074,1.892,0.011,1.977
english,66,16,0,0.058,2.205,0.02,2.283
english,35,12,0,0.058,2.332,0.018,2.408
english,151,37,0,0.117,4.22,0.045,4.383
english,97,25,0,0.169,3.319,0.03,3.517
english,144,35,0,0.144,3.793,0.038,3.976
english,83,24,0,0.114,3.012,0.029,3.156
english,127,30,0,0.136,3.783,0.041,3.96
english,398,88,0,0.569,12.268,0.128,12.966
english,88,24,0,0.339,6.686,0.056,7.081
english,62,18,0,0.285,4.327,0.03,4.642
english,57,15,0,0.187,3.727,0.032,3.945
english,33,10,0,0.149,3.24,0.018,3.407
english,55,22,0,0.191,3.628,0.028,3.847
english,102,27,0,0.142,3.588,0.031,3.761
english,39,11,0,0.072,2.833,0.019,2.924
english,103,25,0,0.116,3.611,0.027,3.754
english,103,24,0,0.111,3.357,0.027,3.495
english,23,6,0,0.068,3.42,0.015,3.503
english,21,6,0,0.101,2.224,0.012,2.337
english,40,11,0,0.06,2.397,0.024,2.482
english,50,20,0,0.129,3.054,0.026,3.209
english,40,11,0,0.081,2.482,0.017,2.58
english,36,10,0,0.063,1.997,0.015,2.075
english,24,8,0,0.049,1.801,0.012,1.862
english,24,6,0,0.035,1.397,0.011,1.444
english,69,14,0,0.054,1.998,0.02,2.072
english,35,12,0,0.055,2.1,0.019,2.175
english,24,9,0,0.063,2.041,0.015,2.119
english,41,13,0,0.068,2.14,0.017,2.225
english,16,7,0,0.042,1.65,0.011,1.703
english,46,12,0,0.06,1.68,0.015,1.755
english,72,18,0,0.065,2.097,0.02,2.182
english,34,10,0,0.071,2.354,0.017,2.442
english,53,14,0,0.098,5.148,0.044,5.29
english,46,14,0,0.194,2.847,0.019,3.06
english,51,12,0,0.066,2.348,0.016,2.43
english,38,12,0,0.052,4.855,0.046,4.952
english,32,9,0,0.196,3.514,0.028,3.737
english,52,15,0,0.157,3.219,0.024,3.4
english,27,6,0,0.099,2.026,0.012,2.138